"fold","correlation"
1,0.0197519322326829
2,0.0711722030156487
3,0.0383127310133201
4,0.0253731875213551
5,0.0165338258314815
