"cluster","n_patients","mean_cate","sd_cate","mean_age","mean_egfr","mean_bmi","prop_htn","prop_dm","pct","recommendation"
"1",513,0.011296324432957,0.00496130137158102,52.0545808966861,97.6418312666101,24.5710366101182,0,0.267056530214425,5.4,"Individualized decision"
"2",3231,0.0102286955389678,0.00676416073619089,63.8300835654596,81.3824750259217,26.218060920149,1,0.991024450634479,34.2,"Individualized decision"
"3",5712,0.0132780631800438,0.00583865240137887,57.9042717086835,90.2418224614137,25.4827783271133,1,0.00157563025210084,60.4,"Moderate recommendation for continuation"
