{
  "coefficients": {
    "(Intercept)": -0.00635259,
    "age": 0.00021842,
    "egfr": 0.00007317,
    "bmi": 0.00008674,
    "sex_num": 0.00405767,
    "diabetes_num": -0.00264446,
    "htn_num": 0.00014309,
    "hf_num": -0.00260357,
    "ckd_num": 0.00238429,
    "age_x_egfr": -9.39543303e-07,
    "age_x_diabetes_num": -0.00001562,
    "age_x_hf_num": 0.00004081
  },
  "r_squared": 0.21934112,
  "cate_distribution": {
    "counts": [1, 0, 0, 1, 0, 2, 3, 2, 4, 11, 12, 17, 25, 45, 48, 58, 67, 126, 219, 375, 463, 601, 838, 989, 1002, 824, 677, 626, 571, 480, 399, 285, 210, 147, 103, 70, 40, 41, 25, 17, 10, 7, 7, 3, 2, 2, 0, 0, 0, 1],
    "breaks": [-0.02198383, -0.02063007, -0.0192763, -0.01792254, -0.01656878, -0.01521502, -0.01386125, -0.01250749, -0.01115373, -0.00979997, -0.00844621, -0.00709244, -0.00573868, -0.00438492, -0.00303116, -0.00167739, -0.00032363, 0.00103013, 0.00238389, 0.00373765, 0.00509142, 0.00644518, 0.00779894, 0.0091527, 0.01050647, 0.01186023, 0.01321399, 0.01456775, 0.01592151, 0.01727528, 0.01862904, 0.0199828, 0.02133656, 0.02269033, 0.02404409, 0.02539785, 0.02675161, 0.02810537, 0.02945914, 0.0308129, 0.03216666, 0.03352042, 0.03487418, 0.03622795, 0.03758171, 0.03893547, 0.04028923, 0.041643, 0.04299676, 0.04435052, 0.04570428],
    "mids": [-0.02130695, -0.01995318, -0.01859942, -0.01724566, -0.0158919, -0.01453814, -0.01318437, -0.01183061, -0.01047685, -0.00912309, -0.00776932, -0.00641556, -0.0050618, -0.00370804, -0.00235428, -0.00100051, 0.00035325, 0.00170701, 0.00306077, 0.00441454, 0.0057683, 0.00712206, 0.00847582, 0.00982958, 0.01118335, 0.01253711, 0.01389087, 0.01524463, 0.0165984, 0.01795216, 0.01930592, 0.02065968, 0.02201344, 0.02336721, 0.02472097, 0.02607473, 0.02742849, 0.02878226, 0.03013602, 0.03148978, 0.03284354, 0.0341973, 0.03555107, 0.03690483, 0.03825859, 0.03961235, 0.04096611, 0.04231988, 0.04367364, 0.0450274]
  },
  "cate_stats": {
    "n": 9456,
    "mean": 0.01212862,
    "sd": 0.00629472,
    "median": 0.01161673,
    "q25": 0.00834331,
    "q75": 0.01603441,
    "min": -0.02098383,
    "max": 0.04470428,
    "pct_positive": 0.97430203
  },
  "variable_means": {
    "age": 59.61169628,
    "egfr": 87.61615124,
    "bmi": 25.68455229
  }
}
