"variable","rho","p_value"
"age",0.212535016199255,4.94030852953352e-97
"egfr",-0.139653514120045,2.15321114714582e-42
"bmi",0.113198267773137,2.40515600293123e-28
