"outcome","ATE","SE","CI_lower","CI_upper","z_value","p_value"
"adverse_event",0.0119052707114899,0.00512524278021447,0.00185979486226952,0.0219507465607102,2.32286961262578,0.0201861580077383
