"test","estimate","std.err","t.value","p.value"
"mean.forest.prediction",0.990607858474396,0.424652291839594,2.33275052910484,0.00984105697156936
"differential.forest.prediction",-1.63763231030829,0.974852706549844,-1.67987666167961,0.953492822194272
