"outcome","ATE","SE","CI_lower","CI_upper","z_value","p_value"
"adverse_event",0.0119052707114899,0.00512524278021447,0.00185979486226952,0.0219507465607102,2.32286961262578,0.0201861580077383
"death",0.00319551953886736,0.00232255882025385,-0.00135669574883018,0.00774773482656491,1.37586161909049,0.168864479852713
"aki1",-0.0263951543955556,0.00821903928869668,-0.0425044714014011,-0.0102858373897101,-3.21146468199219,0.00132060202208156
"aki2",0.00176392299277219,0.00481633791952064,-0.00767609932948827,0.0112039453150327,0.366237382477463,0.714187949833322
"aki3",0.00300371526628436,0.00334542634879028,-0.00355332037734458,0.00956075090991331,0.897857239442895,0.369261664022318
"aki_all",-0.0238732187730247,0.00869316396675058,-0.0409118201478558,-0.00683461739819353,-2.74620596877436,0.00602889005049497
