"outcome","OR","CI_lower","CI_upper","p_value","direction"
"AKI Stage 1 (mild)",0.850915118534894,0.772222904182201,0.937626344712015,0.00111086800513948,"Favors Discontinuation"
"AKI Stage 2 (moderate)",1.05478454293148,0.888888788437028,1.25164187745405,0.541255820422371,"Favors Continuation"
"AKI Stage 3 (severe)",1.20106340266337,0.979447985853445,1.47282277165574,0.0783304898184475,"Favors Continuation"
"Death",1.32557498964694,0.925582557281501,1.8984249858147,0.124046837495091,"Favors Continuation"
"ECMO/IABP",1.34339823322597,1.10284251630787,1.6364247717585,0.00336349839224286,"Favors Continuation"
"Dialysis",1.13188529751777,0.75964752255366,1.6865247219264,0.542601550677643,"Favors Continuation"
"Composite Adverse Events",1.23687775474291,1.06878457594048,1.43140780155032,0.00433605035327324,"Favors Continuation"
