"group","n","death_rate","aki3_rate","composite_ae_rate","ecmo_iabp_rate","dialysis_rate"
"AKI1 with Continuation",1119,0.0169794459338696,0.00625558534405725,0.0697050938337802,0.0580875781948168,0.00714924039320823
"AKI1 with Discontinuation",987,0.0202634245187437,0.0101317122593719,0.0942249240121581,0.0759878419452888,0.00810536980749742
"No AKI1 with Continuation",3609,0.00942089221390973,0.0471044610695486,0.0775838182321965,0.0321418675533389,0.0105292324743693
"No AKI1 with Discontinuation",3741,0.0133654103180968,0.0537289494787488,0.0914194065757823,0.0441058540497193,0.011761561079925
