"outcome","OR_standard","OR_std_CI_lo","OR_std_CI_hi","p_standard","OR_survivors_only","p_survivors","OR_cause_specific_AKI","OR_csAKI_CI_lo","OR_csAKI_CI_hi","p_cause_specific_AKI","OR_cause_specific_death","p_cause_specific_death"
"AKI_all",0.906431748610731,0.830985333758156,0.988728057538289,0.0267142485764991,0.897202892401613,0.015659126421055,0.906431748610731,0.830985333758156,0.988728057538289,0.0267142485764991,1.36479356242893,0.433904933796074
"AKI_Stage1",0.850915118534894,0.772222904182201,0.937626344712015,0.00111086800513948,0.851463018150684,0.00128218191039968,0.850915118534894,0.772222904182201,0.937626344712015,0.00111086800513948,1.47561801025259,0.0813472695441202
"AKI_Stage3",1.20106340266337,0.979447985853445,1.47282277165574,0.0783304898184475,1.14828129236301,0.211741805292089,1.20106340266337,0.979447985853445,1.47282277165574,0.0783304898184475,1.14407604851816,0.562414585409052
