"measure","OR","E_value"
"point_estimate",1.23687775474291,1.77816217668293
