"Scenario","Subgroup","Benefit_Risk_Ratio"
"Overall","Overall",0.756521739130425
"Age","≤50",0.834311632870863
"Age","51-65",0.842873956140144
"Age","66-80",0.691753002486975
"Age",">80",0.318072289156626
"eGFR","≤60",0.731141920095409
"eGFR","61-90",0.750924176456091
"eGFR",">90",0.819528340918506
"Comorbidity","0-1",0.521882233796293
"Comorbidity","2",0.939408396946567
"Comorbidity","3",0.812893500044342
"Comorbidity","≥4",0.575011195700851
