"Scenario","Subgroup","NNT","NNH"
"Overall","Overall",42.0982142857123,NA
"Age","≤50",79.969404186795,NA
"Age","51-65",75.2464100875133,NA
"Age","66-80",26.9463206973448,NA
"Age",">80",6.45229681978799,NA
"eGFR","≤60",11.1776753534794,NA
"eGFR","61-90",39.7182552770448,NA
"eGFR",">90",137.196056854663,NA
"Comorbidity","0-1",35.6722898857701,NA
"Comorbidity","2",203.101574803158,NA
"Comorbidity","3",37.7511848341241,NA
"Comorbidity","≥4",8.99183350895678,NA
