"subgroup","n","risk_discont","risk_contin","risk_diff","NNT","NNH"
"Overall",9456,0.092005076142132,0.0757191201353635,0.0162859560067685,61.4025974025964,NA
"age_group=<65",5642,0.0715804394046778,0.0673758865248227,0.00420455287985512,237.837417812297,NA
"age_group=>=65",3814,0.122245540398741,0.0880503144654086,0.0341952259333324,29.2438483064746,NA
"egfr_group=60-89",3387,0.0944741532976829,0.0698356807511736,0.0246384725465093,40.5869316010694,NA
"egfr_group=>=90",4939,0.039935457845905,0.033333333333333,0.00660212451257207,151.466395112021,NA
"egfr_group=<60",1130,0.312720848056537,0.278368794326241,0.0343520537302954,29.1103410541679,NA
